Producder,Pro_ctgry
李鵠餅店,傳統糕餅
李鵠餅店,傳統糕餅
基隆油蔥店,傳統糕餅
味全食品,肉鬆/酥
味全食品,肉鬆/酥
味全食品,肉鬆/酥
味全食品,肉鬆/酥
味全食品,肉鬆/酥
味全食品,肉鬆/酥
味全食品,肉鬆/酥
味全食品,肉鬆/酥
味全食品,肉醬
味全食品,肉醬
味全食品,肉醬
味全食品,肉醬
憶霖,調味醬/油/高湯
憶霖,調味醬/油/高湯
憶霖,調味醬/油/高湯
憶霖,調味醬/油/高湯
憶霖,調味醬/油/高湯
憶霖,調味醬/油/高湯
味王,調味醬/油/高湯
味王,調味醬/油/高湯
味王,調味醬/油/高湯
良晟食品,傳統糕餅
昇陽肉鬆行,肉鬆/酥
丰禾興實業,傳統糕餅
叢林之屋,肉鬆/酥
楊記,傳統糕餅
黑橋牌,米製品
黑橋牌,米製品
黑橋牌,米製品
美而美食品廠,餅皮/麵皮
品味軒食品行,肉鬆/酥
品味軒食品行,肉鬆/酥
北斗肉圓生,餅皮/麵皮
上泓食品行,調味醬/油/高湯
玉珍齋,傳統糕餅
玉珍齋,傳統糕餅
玉珍齋,傳統糕餅
玉珍齋,傳統糕餅
玉珍齋,傳統糕餅
玉珍齋,傳統糕餅
玉珍齋,傳統糕餅
玉珍齋,傳統糕餅
日富,餅皮/麵皮
合記,餅皮/麵皮
英辰,餅皮/麵皮
英辰,餅皮/麵皮
英辰,餅皮/麵皮
英辰,餅皮/麵皮
英辰,餅皮/麵皮
英辰,米製品
英辰,米製品
美食達人,麵包/餅乾
美食達人,麵包/餅乾
美食達人,麵包/餅乾
美食達人,麵包/餅乾
盛香珍,調味醬/油/高湯
盛香珍,調味醬/油/高湯
盛香珍,調味醬/油/高湯
盛香珍,麵包/餅乾
盛香珍,麵包/餅乾
盛香珍,麵包/餅乾
麥可利,餅皮/麵皮
麥可利,餅皮/麵皮
品高,調味醬/油/高湯
品高,調味醬/油/高湯
亞世家,調味醬/油/高湯
亞世家,調味醬/油/高湯
亞世家,調味醬/油/高湯
亞世家,調味醬/油/高湯
亞世家,調味醬/油/高湯
亞世家,調味醬/油/高湯
佳慶,餅皮/麵皮
九龍,傳統糕餅
祥有味食品,麵包/餅乾
奇美食品,餅皮/麵皮
奇美食品,餅皮/麵皮
奇美食品,餅皮/麵皮
奇美食品,餅皮/麵皮
奇美食品,餅皮/麵皮
奇美食品,餅皮/麵皮
奇美食品,米製品
奇美食品,餅皮/麵皮
奇美食品,餅皮/麵皮
奇美食品,餅皮/麵皮
奇美食品,餅皮/麵皮
奇美食品,餅皮/麵皮
奇美食品,調味醬/油/高湯
奇美食品,餅皮/麵皮
奇美食品,米製品
奇美食品,米製品
奇美食品,餅皮/麵皮
奇美食品,餅皮/麵皮
奇美食品,餅皮/麵皮
奇美食品,餅皮/麵皮
吳記食品,傳統糕餅
金利華,丸類
金利華,丸類
余峰瑞,餅皮/麵皮
進益糕餅食品,傳統糕餅
台灣欣榮食品,餅皮/麵皮
福客來西點蛋糕,傳統糕餅
味珍香飲食店,其他肉類
饌師傅食品,肉鬆/酥
劉文通,肉鬆/酥
慶祥,肉鬆/酥
富統食品,
陸仕食品,調味醬/油/高湯